{
  "hyperparameters": {
    "max_depth": 10,
    "learning_rate": 0.14794848306075847,
    "n_estimators": 254,
    "min_child_weight": 1
  },
  "best_score": 0.8654333333333334,
  "n_trials": 20,
  "timestamp": "2025-10-26T10:22:14.396413"
}